<?xml version="1.0" encoding="UTF-8"?>
<project-private xmlns="http://www.netbeans.org/ns/project-private/1">
    <editor-bookmarks xmlns="http://www.netbeans.org/ns/editor-bookmarks/2" lastBookmarkId="0"/>
    <open-files xmlns="http://www.netbeans.org/ns/projectui-open-files/2">
        <group>
            <file>file:/Users/clementraphaell/NetBeansProjects/projetJava/src/Interfaces/InterfaceGraphiqueModifierComp.java</file>
            <file>file:/Users/clementraphaell/NetBeansProjects/projetJava/src/Interfaces/InterfaceGraphiqueModifierPerso.java</file>
            <file>file:/Users/clementraphaell/NetBeansProjects/projetJava/src/Interfaces/interfaceGraphiqueAjouteComp.java</file>
            <file>file:/Users/clementraphaell/NetBeansProjects/projetJava/src/Interfaces/InterfaceGraphiquePersonnel.java</file>
            <file>file:/Users/clementraphaell/NetBeansProjects/projetJava/src/Interfaces/interfaceGraphiqueAjoutePerso.java</file>
            <file>file:/Users/clementraphaell/NetBeansProjects/projetJava/src/Interfaces/InterfaceGraphiqueCompetences.java</file>
            <file>file:/Users/clementraphaell/NetBeansProjects/projetJava/src/projetjava/ProjetJava.java</file>
            <file>file:/Users/clementraphaell/NetBeansProjects/projetJava/src/Interfaces/InterfaceGraphiqueMissions.java</file>
            <file>file:/Users/clementraphaell/NetBeansProjects/projetJava/src/Interfaces/interfaceGraphiqueAccueil.java</file>
        </group>
    </open-files>
</project-private>
